{
  "project_info": {
    "project_number": "182468259061",
    "project_id": "project233-1",
    "storage_bucket": "project233-1.firebasestorage.app"
  },
  "client": [
    {
      "client_info": {
        "mobilesdk_app_id": "1:182468259061:android:34aafe9603e82ab2d169bc",
        "android_client_info": {
          "package_name": "com.uilover.project2331"
        }
      },
      "oauth_client": [],
      "api_key": [
        {
          "current_key": "AIzaSyBF8HO48n6O9KhYGWR2Cm8cGND9KcFQpTU"
        }
      ],
      "services": {
        "appinvite_service": {
          "other_platform_oauth_client": []
        }
      }
    }
  ],
  "configuration_version": "1"
}